
{
  "info": {
    "name": "Property Management API",
    "_postman_id": "unique-identifier",
    "description": "API documentation for the Property Management system.",
    "schema": "https://schema.getpostman.com/json/collection/v2.1.0/collection.json"
  },
  "item": [
    {
      "name": "Get All Properties",
      "request": {
        "method": "GET",
        "header": [],
        "url": {
          "raw": "http://localhost:3000/api/properties",
          "protocol": "http",
          "host": [
            "localhost:3000"
          ],
          "path": [
            "api",
            "properties"
          ]
        }
      },
      "response": []
    },
    {
      "name": "Get Property by ID",
      "request": {
        "method": "GET",
        "header": [],
        "url": {
          "raw": "http://localhost:3000/api/properties/123",
          "protocol": "http",
          "host": [
            "localhost:3000"
          ],
          "path": [
            "api",
            "properties",
            "123"
          ]
        }
      },
      "response": []
    },
    {
      "name": "Add Property with Image",
      "request": {
        "method": "POST",
        "header": [
          {
            "key": "Content-Type",
            "value": "multipart/form-data"
          }
        ],
        "url": {
          "raw": "http://localhost:3000/api/properties",
          "protocol": "http",
          "host": [
            "localhost:3000"
          ],
          "path": [
            "api",
            "properties"
          ]
        },
        "body": {
          "mode": "formdata",
          "formdata": [
            {
              "key": "name",
              "value": "Property Name"
            },
            {
              "key": "address.street",
              "value": "123 Main St"
            },
            {
              "key": "type",
              "value": "Residential"
            },
            {
              "key": "owner.firstName",
              "value": "John"
            },
            {
              "key": "owner.lastName",
              "value": "Doe"
            },
            {
              "key": "units",
              "value": "5"
            },
            {
              "key": "size",
              "value": "2000"
            },
            {
              "key": "rent",
              "value": "1500"
            },
            {
              "key": "images",
              "type": "file",
              "src": "path/to/image1.jpg"
            },
            {
              "key": "images",
              "type": "file",
              "src": "path/to/image2.jpg"
            }
          ]
        }
      },
      "response": []
    },
    {
      "name": "Update Property with Images",
      "request": {
        "method": "PUT",
        "header": [
          {
            "key": "Content-Type",
            "value": "multipart/form-data"
          }
        ],
        "url": {
          "raw": "http://localhost:3000/api/properties/123",
          "protocol": "http",
          "host": [
            "localhost:3000"
          ],
          "path": [
            "api",
            "properties",
            "123"
          ]
        },
        "body": {
          "mode": "formdata",
          "formdata": [
            {
              "key": "rent",
              "value": "1600"
            },
            {
              "key": "images",
              "type": "file",
              "src": "path/to/newimage1.jpg"
            },
            {
              "key": "images",
              "type": "file",
              "src": "path/to/newimage2.jpg"
            }
          ]
        }
      },
      "response": []
    },
    {
      "name": "Delete Property",
      "request": {
        "method": "DELETE",
        "header": [],
        "url": {
          "raw": "http://localhost:3000/api/properties/123",
          "protocol": "http",
          "host": [
            "localhost:3000"
          ],
          "path": [
            "api",
            "properties",
            "123"
          ]
        }
      },
      "response": []
    }
  ]
}
